<?xml version="1.0" encoding="UTF-8"?>
<project-private xmlns="http://www.netbeans.org/ns/project-private/1">
    <editor-bookmarks xmlns="http://www.netbeans.org/ns/editor-bookmarks/2" lastBookmarkId="0"/>
    <open-files xmlns="http://www.netbeans.org/ns/projectui-open-files/2">
        <group>
            <file>file:/C:/Users/Jackson/Documents/NetBeansProjects/TanJacksonCalendarCulminating/src/tanjacksoncalendarculminating/Calendar.java</file>
            <file>file:/C:/Users/Jackson/Documents/NetBeansProjects/TanJacksonCalendarCulminating/src/tanjacksoncalendarculminating/Events.java</file>
            <file>file:/C:/Users/Jackson/Documents/NetBeansProjects/TanJacksonCalendarCulminating/src/tanjacksoncalendarculminating/Entries.txt</file>
            <file>file:/C:/Users/Jackson/Documents/NetBeansProjects/TanJacksonCalendarCulminating/src/tanjacksoncalendarculminating/Reminders.java</file>
            <file>file:/C:/Users/Jackson/Documents/NetBeansProjects/TanJacksonCalendarCulminating/src/tanjacksoncalendarculminating/Entries.java</file>
            <file>file:/C:/Users/Jackson/Documents/NetBeansProjects/TanJacksonCalendarCulminating/src/tanjacksoncalendarculminating/TanJacksonCalendarCulminating.java</file>
        </group>
    </open-files>
</project-private>
